regime,Average,Donations (Dumb Money),Sharps (Smart Money)
Fear,95756.11176881818,-39938.069817,301393.90003952634
Neutral,-9782.340909214288,-43087.23061742857,55751.25939691666
Greed,19470.4763325,-113663.129076,188669.09961433333
