regime,Degens (High Lev),Risk Averse (Low Lev)
Fear,1807.2414551156255,-56.44414279863929
Neutral,1281.0987497503388,-388.31535935206836
Greed,5589.489076126492,-154.7739816321998
